year,sex,ex_todas,ex_sin,dif_homicidios
2010,f,69.6,69.2565920905652,-0.343407909434831
2010,m,64.4,64.6165470554524,0.216547055452381
2019,f,70.39,70.4879829771565,0.0979829771565051
2019,m,64.93,64.939723083661,0.00972308366100094
2021,f,67.33,67.3530794448822,0.0230794448822138
2021,m,60.72,60.8489290672907,0.128929067290699
